"id","nome","apostar?"
"309972","AFC Asian Cup","false"
"12403895","AFC Asian Cup Qualifiers","false"
"12721029","AFC Challenge League","false"
"39218","AFC Champions League","false"
"184523","AFC Champions League","false"
"11997429","AFC Champions League Qualifiers","false"
"12688794","AFC Champions League Two","true"
"12012789","AFC Cup","false"
"12755881","AFC Ladies Champions League","false"
"30996","AFC U20 Asian Cup Qualification","false"
"11692201","AFC U23 Championship","false"
"21309","AFC Womens Club Championship","false"
"12151960","AFF Championship","false"
"30249","AFF Championship Women","false"
"12747581","AFF U23 Championship","false"
"2125912","AFF Women's Championship","false"
"12209528","Africa Cup of Nations","false"
"5945","African Nations C'ship Qualifying","false"
"16173","Albania Play-offs","false"
"12274040","Albanian 1st Division","false"
"11639448","Albanian Cup","false"
"12018157","Albanian Super Cup","false"
"11627247","Albanian Superliga","false"
"25595","Algeria League Cup","false"
"7677","Algeria League Women","false"
"20839","Algeria U19 League","false"
"4215067","Algerian Cup","false"
"12767324","Algerian Ladies Championnat Elite","false"
"4431442","Algerian Ligue 1","false"
"4556656","Algerian Ligue 2","false"
"8410798","Algerian Super Cup","false"
"12769054","Algerian U20 League","false"
"3792498","Algerian U21","false"
"129","Allsvenskan","false"
"13805","Andorra Second Division","false"
"24910","Andorra Super Cup","false"
"12281243","Andorran Cup","false"
"12110652","Andorran Primera Divisio","false"
"12020370","Angolan Girabola","false"
"2332","Antigua & Barbuda Premier Division","false"
"31506","Argentina Copa Federal Women","false"
"15650","Argentina Copa Santa Fe Women","false"
"67387","Argentina Liga Profesional","false"
"28434","Argentina Primera C Women","false"
"11216","Argentina Regional Cup","false"
"25194","Argentina Regional League","false"
"9079761","Argentinian Campeonato Femenino","false"
"12225162","Argentinian Copa de la Liga Profesional","false"
"12036250","Argentinian Matches","false"
"12741368","Argentinian Primera B Metro Reserves","false"
"11633637","Argentinian Primera B Metropolitana","false"
"803237","Argentinian Primera B Nacional","true"
"7511144","Argentinian Primera C","false"
"12103215","Argentinian Primera D","false"
"12730030","Argentinian Primera Division Reserves","false"
"12740133","Argentinian Primera Nacional Reserves","false"
"4512440","Argentinian Reserves","false"
"4384863","Argentinian Super Cup","false"
"12103652","Argentinian Torneo A","false"
"12768974","Argentinian Torneo Regional Federal","false"
"12314069","Argentinian U20","false"
"12064081","Argentinian Women's Matches","false"
"314","Armenia First League","false"
"5052774","Armenian Cup","false"
"2888729","Armenian Premier League","false"
"8285642","Armenian Super Cup","false"
"12711663","Aruban Cup","false"
"12265483","Aruban Division di Honor","false"
"15036","Australia Capital Territory NPL2","false"
"23728","Australia Capital Territory Premier League","false"
"9640","Australia Capital Territory Premier League Women","false"
"23736","Australia Capital Territory U23 League","false"
"12011007","Australia Cup","false"
"4967","Australia Darwin Premier League","false"
"795","Australia Friendlies","false"
"5437","Australia New South Wales Cup","false"
"29107","Australia New South Wales League 1","false"
"2","Australia New South Wales League 2","false"
"650","Australia New South Wales Premier League","false"
"4","Australia New South Wales U20 League","false"
"4120","Australia Northern NSW Premier League","false"
"25378","Australia Northern NSW Premier League Women","false"
"23680","Australia Northern NSW Reserves League","false"
"8609","Australia NPL Queensland","false"
"25186","Australia NPL Queensland U23","false"
"27070","Australia NPL Queensland Women","false"
"25510","Australia NPL Victoria Women","false"
"29118","Australia NSW League 1 U20","false"
"29275","Australia Queensland PL 2 U23","false"
"29206","Australia Queensland PL U23","false"
"29181","Australia Queensland Premier League 2","false"
"29203","Australia Queensland Premier League 3","false"
"29539","Australia Queensland Premier League 4","false"
"3","Australia Queensland Premier League Women","false"
"542","Australia SA Premier League Reserves","false"
"842","Australia SA Premier League Women","false"
"16430","Australia SA Premier League Women Reserves","false"
"553","Australia South Australia Premier League","false"
"552","Australia South Australia State League 1","false"
"4036","Australia South Australia State League Reserves","false"
"9454","Australia Sunday League Premier Division","false"
"10703","Australia Sunday League Premier Division Reserve","false"
"4213","Australia Tasmania Championship","false"
"10470","Australia Tasmania Championship 1","false"
"5095","Australia Tasmania Championship Women","false"
"23669","Australia Tasmania Cup Women","false"
"4139","Australia Tasmania Premier League","false"
"4483","Australia Tasmania South Division 1","false"
"4576","Australia Tasmania Super League Women","false"
"5611","Australia Victoria Cup","false"
"4472","Australia Victoria Cup Women","false"
"16","Australia Victoria Premier League","false"
"551","Australia Victoria Premier League 2","false"
"550","Australia Victoria State League 1","false"
"4750","Australia Victoria State League 1 Reserves","false"
"555","Australia Victoria State League 2","false"
"10005","Australia Victoria State League 2 Reserves","false"
"5","Australia WA Premier League Women","false"
"29802","Australia WA Premier League Women U21","false"
"25502","Australia WA State Cup Women","false"
"9865","Australia WA State League 1 Reserves","false"
"6061","Australia WA State League Cup","false"
"560","Australia Western Australia Premier League","false"
"561","Australia Western Australia State League 1","false"
"548","Australia Western Australia U20 League","false"
"12117172","Australian A-League Men","false"
"12108847","Australian A-League Women","false"
"12765480","Australian Championship","false"
"12016647","Australian Matches","false"
"1290","Austria 2. Landesliga","false"
"12100271","Austrian Amateur Cup","false"
"10479956","Austrian Bundesliga","false"
"12204202","Austrian Cup","false"
"9","Austrian Erste Liga","false"
"7317471","Austrian Landesliga","false"
"12035236","Austrian Matches","false"
"7317506","Austrian Regionalliga","false"
"12040504","Austrian Women's Matches","false"
"4517491","Azerbaijan 1st Division","false"
"1436284","Azerbaijan Cup","false"
"895129","Azerbaijan Premier League","false"
"12081663","Bahraini 2nd Division","false"
"12159292","Bahraini FA Cup","false"
"12151370","Bahraini King's Cup","false"
"12206014","Bahraini Premier","false"
"7030666","Bangalore Super Division League","false"
"2402","Bangladesh Championship League","false"
"12761776","Bangladesh Cup","false"
"22405","Bangladesh League Women","false"
"12112166","Bangladesh Matches","false"
"12185789","Bangladesh Premier League","false"
"12107313","Barbadian Premier League","false"
"12","Beach Soccer - 36 mins play","false"
"462","Belarus Cup","false"
"2444","Belarus Cup Women","false"
"160","Belarus Division 1","false"
"673","Belarus Division 2","false"
"21407","Belarus Play-Offs","false"
"79","Belarus Premier League","false"
"482","Belarus Premier League Women","false"
"5474","Belarus Reserve League","false"
"4128","Belarus Super Cup","false"
"4642","Belarus Women Super Cup","false"
"39770","Belgian Cup","false"
"10029990","Belgian First Amateur Division","false"
"89979","Belgian First Division A","false"
"12665359","Belgian First Division A - Playoffs","false"
"11717188","Belgian First Division B","false"
"12021180","Belgian Matches","false"
"12150858","Belgian Reserves","false"
"542539","Belgian Super Cup","false"
"12050926","Belgian Women's Matches","false"
"2868","Belgium Division 1 Women","false"
"3064","Belize Premier League","false"
"6241","Benin Ligue 1","false"
"12248145","Bhutan Premier League","false"
"17830","Bolivia Campeonato Integracion Women","false"
"18459","Bolivia Reserve League","false"
"12731763","Bolivian Cup","false"
"12007003","Bolivian Liga de Futbol Profesional","false"
"12149496","Bolivian Liga Nacional B","false"
"29082","Bosnia & Herzegovina 1st League Women","false"
"29541","Bosnia & Herzegovina 2nd League","false"
"29256","Bosnia & Herzegovina Cup Women","false"
"12561","Bosnia & Herzegovina Regional Cup","false"
"12257290","Bosnian 1st League","false"
"3021702","Bosnian Cup","false"
"3127357","Bosnian Premier League","false"
"15201","Botswana FA Cup","false"
"2867","Botswana Premier League","false"
"12267768","Botswana Premier League","false"
"321319","Brasil - Serie B","false"
"3172302","Brasil - Serie C","false"
"13","Brasileirão","false"
"29983","Brazil Campeonato Brasileiro A3 Women","false"
"3658","Brazil Campeonato Brasiliense","false"
"8681","Brazil Campeonato Capixaba","false"
"945","Brazil Campeonato Carioca B","false"
"17955","Brazil Campeonato Carioca C","false"
"15114","Brazil Campeonato Gaucho 3","false"
"3584","Brazil Campeonato Matogrossense","false"
"25295","Brazil Campeonato Matogrossense Women","false"
"31275","Brazil Campeonato Paraibano 2","false"
"5372","Brazil Campeonato Paranaense 2","false"
"3640","Brazil Campeonato Piauiense","false"
"24709","Brazil Campeonato Potiguar 2","false"
"22103","Brazil Campeonato Rondoniense","false"
"11886","Brazil Campeonato Sergipano A2","false"
"13905","Brazil Campeonato Sul-Matogrossense","false"
"9338","Brazil Campeonato Tocantinense","false"
"8026","Brazil Copa Nordeste U20","false"
"11505","Brazil Gaucho Women","false"
"25038","Brazil Potiguar Women - 80 mins play","false"
"12196300","Brazilian Acriano Matches","false"
"12186409","Brazilian Alagoano Matches","false"
"12220916","Brazilian Amapaense Matches","false"
"12200445","Brazilian Amazonense Matches","false"
"12185349","Brazilian Baiano Matches","false"
"12501693","Brazilian Campeonato A2 Women","false"
"12235831","Brazilian Campeonato Carioca B","false"
"12224943","Brazilian Campeonato Cearense B","false"
"12501691","Brazilian Campeonato Women","false"
"12164283","Brazilian Carioca Matches","false"
"12181991","Brazilian Catarinense Matches","false"
"12172193","Brazilian Cearense Matches","false"
"2517464","Brazilian Copa do Nordeste","false"
"12258143","Brazilian Copa Fares Lopes","false"
"3745022","Brazilian Copa FGF","false"
"3583988","Brazilian Copa Paulista","false"
"5982310","Brazilian Copa Rio","false"
"4875842","Brazilian Copa Verde","false"
"892858","Brazilian Cup","true"
"12184051","Brazilian Gaucho Matches","false"
"12185073","Brazilian Goiano Matches","false"
"12185723","Brazilian Maranhense Matches","false"
"12053964","Brazilian Matches","false"
"12184071","Brazilian Mineiro Matches","false"
"12185409","Brazilian Paraense Matches","false"
"12179700","Brazilian Paraibano Matches","false"
"12185071","Brazilian Paranaense Matches","false"
"2490975","Brazilian Paulista Serie A1","false"
"2519611","Brazilian Paulista Serie A2","false"
"7422970","Brazilian Paulista Serie A3","false"
"12184232","Brazilian Pernambucano Matches","false"
"12176194","Brazilian Potiguar Matches","false"
"823332","Brazilian Sao Paulo Youth Cup","false"
"12178917","Brazilian Sergipano Matches","false"
"7980087","Brazilian Serie D","false"
"12280225","Brazilian Super Cup","false"
"12148223","Brazilian U20","false"
"12235224","Brazilian U23","false"
"12009917","Brazilian Women's Matches","false"
"9081068","Brunei Super League","false"
"7365","Bulgaria Amateur Cup","false"
"6402","Bulgaria B PFG","false"
"23395","Bulgaria Premier League Women","false"
"6719","Bulgaria Third League","false"
"6833","Bulgaria U19 League","false"
"15","Bulgarian A League","false"
"12292686","Bulgarian B League","false"
"309948","Bulgarian Cup","false"
"338432","Bulgarian Super Cup","false"
"59","Bundesliga","false"
"22375","Burkina Faso Cup","false"
"20487","Burkina Faso League","false"
"32054","Burkina Faso League Women","false"
"3176","Burundi Cup","false"
"2858","Burundi Premier League","false"
"12273791","Burundi Premier League","false"
"7672122","CAF African Nations Championship","false"
"12053917","CAF African Nations Cup Qualifiers","false"
"987643","CAF Champions League","false"
"12149039","CAF Confederation Cup","false"
"12496122","CAF Ladies Africa Nations Cup","false"
"3861","CAF Super Cup","false"
"12197622","CAF U20 African Championship","false"
"12162045","CAF U23 African Cup Of Nations","false"
"12260994","CAF Women's African Nations Qualifiers","false"
"28996","Cambodia Super Cup","false"
"9251272","Cambodian C-League","false"
"14862","Cameroon League Women","false"
"8825958","Cameroonese Elite One","false"
"12721033","Cameroonese Elite Two","false"
"12021635","Cameroonese Matches","false"
"34801","Campeones Cup","false"
"12012526","Canadian Championship Matches","false"
"12231751","Canadian Premier League","false"
"5841","Canadian Soccer League","false"
"11997471","CECAFA Club Cup Matches","false"
"530","Central America - World Cup Qualifying","false"
"744098","Chile - Liga de Primera","false"
"961354","Chilean Cup","false"
"12289407","Chilean Ladies","false"
"857992","Chilean Primera B","false"
"3085749","Chilean Segunda Division","false"
"3446340","Chilean Super Cup","false"
"9669750","Chilean Tercera Division","false"
"12243189","Chilean U21","false"
"11634648","Chinese Cup","false"
"11380680","Chinese League 1","false"
"12008162","Chinese League 2","false"
"11777584","Chinese Super Cup","false"
"879931","Chinese Super League","false"
"12760595","Chinese U21","false"
"12053780","Chinese Women's Matches","false"
"5269","Colombia Play-Offs","false"
"775","Colombia U19 Championship","false"
"854148","Colombian Cup","false"
"12174956","Colombian Matches","false"
"844197","Colombian Primera A","false"
"856134","Colombian Primera B","false"
"2519695","Colombian Super Cup","false"
"11648611","Colombian U20","false"
"12246958","Colombian Women's Matches","false"
"12755585","CONCACAF Caribbean Cup","false"
"12681880","CONCACAF Champions Cup Ladies","false"
"353451","CONCACAF Champions League","true"
"319919","CONCACAF Gold Cup","false"
"12590309","CONCACAF Gold Cup Qualifiers","false"
"12775297","CONCACAF Ladies Champ'ship Qualifiers","false"
"12650650","CONCACAF Ladies Gold Cup","false"
"12573336","CONCACAF Ladies U20 Cup Qualifiers","false"
"12269270","CONCACAF Nations League A","false"
"12119412","CONCACAF U20 Cup","false"
"12267722","CONCACAF Women's Matches","false"
"9293","Congo Premier League","false"
"12147472","CONMEBOL Copa America","false"
"12147796","CONMEBOL Copa Libertadores","false"
"12204604","CONMEBOL Copa Sudamericana","false"
"12288617","CONMEBOL Ladies U20 Championship","false"
"12234914","CONMEBOL Recopa Sudamericana","false"
"12185403","CONMEBOL U20 Championship","false"
"12259994","CONMEBOL Women's Copa America","false"
"12149784","CONMEBOL Women's Copa Libertadores","false"
"2492474","Copa centroamericana","false"
"12185871","Copa da Argentina","false"
"12276755","Copa do Mundo de Clubes da FIFA","false"
"27004","COSAFA Champions League Women","false"
"7427367","COSAFA Cup","false"
"12303018","COSAFA Ladies Championship","false"
"10522035","COSAFA U20 Cup","false"
"28623","Costa Rica Cup Women","false"
"16412","Costa Rica Primera Division Women","false"
"28112","Costa Rica Super Cup Women","false"
"3398826","Costa Rican Cup","false"
"3039445","Costa Rican Liga de Ascenso","false"
"2079376","Costa Rican Primera Division","false"
"12292690","Costa Rican Super Cup","false"
"12138177","Costa Rican U20","false"
"23677","Croatia 2.HNL Play-Offs","false"
"15123","Croatia Regional Cup","false"
"10546","Croatia Regional League","false"
"16697","Croatia Women Cup","false"
"17","Croatian 1 HNL","false"
"3992967","Croatian 2 HNL","false"
"7596190","Croatian 3. HNL","false"
"12226103","Croatian Cup","false"
"12236128","Croatian Playoffs","false"
"540904","Croatian Super Cup","false"
"12038919","Croatian U19","false"
"12237083","Croatian Women's Matches","false"
"3998","Cuba Campeonato Nacional","false"
"12411","Cuba National League Women","false"
"19","Cypriot 1st Division","false"
"874299","Cypriot 2nd Division","false"
"430391","Cypriot Cup","false"
"4406","Cyprus Cup Women","false"
"12665","Cyprus Division 3","false"
"26391","Cyprus Super Cup","false"
"3054","Cyprus Women Division 1","false"
"12204204","Czech 1 Liga","false"
"862638","Czech 2 Liga","false"
"892425","Czech 3 Liga","false"
"12227137","Czech Cup","false"
"12736789","Czech MSFL","false"
"180","Czech Republic 5. Ligy","false"
"31091","Czech Republic Division 2 Women","false"
"1987477","Czech U19","false"
"11717704","Czech Winter League","false"
"12064975","Czech Women's Matches","false"
"25","Danish 1st Division","false"
"7998231","Danish 2nd Division","false"
"11713847","Danish Cup","false"
"12754175","Danish Future Cup","false"
"12754770","Danish Ladies A-Liga","false"
"12008387","Danish Matches","false"
"8244827","Danish Series","false"
"23","Danish Superliga","false"
"940730","Danish U19","false"
"886334","Danish U21","false"
"12016693","Danish Women's Matches","false"
"1055","Denmark 1.Division Women","false"
"29014","Djibouti Premier League","false"
"12222436","Dominican Republic Matches","false"
"246356","Dutch Cup","true"
"11","Dutch Eerste Divisie","false"
"12762502","Dutch Ladies Eredivisie","false"
"12074948","Dutch Matches","false"
"311631","Dutch Playoffs","false"
"11424392","Dutch Super Cup","false"
"12654491","Dutch U21","false"
"12052061","Dutch Women's Matches","false"
"15559","East Asian Championship Women","false"
"12277013","East Asian Cup","false"
"12008272","Ecuadorian Matches","false"
"803690","Ecuadorian Serie A","false"
"3057583","Ecuadorian Serie B","false"
"9882094","EFL Trophy","false"
"24277","Egypt Premier League Women","false"
"4643366","Egyptian 2nd Division","false"
"802004","Egyptian Cup","false"
"12444373","Egyptian League Cup","false"
"801976","Egyptian Premier","false"
"12719768","Egyptian Second Division B","false"
"12264792","Egyptian Super Cup","false"
"13579","El Salvador Liga Feminina","false"
"637","El Salvador Reserves League","false"
"12247754","Elite Friendlies","false"
"1261","England County Cup","false"
"31442","England FA National League Cup Women","false"
"995","England Northern League Challenge Cup","false"
"1097799","English Central League","false"
"7129730","English Championship","false"
"340643","English Community Shield","false"
"30558","English FA Cup","false"
"12255368","English FA Cup Qualifiers","false"
"42886","English FA Trophy","false"
"12202273","English FA Women's Super League 1","false"
"2134","English Football League Cup","false"
"12199341","English Isthmian Division 1","false"
"4596954","English Isthmian League Cup","false"
"12199687","English Isthmian Premier League","false"
"12767300","English Ladies League Cup","false"
"35","English League 1","false"
"37","English League 2","false"
"12058099","English Matches","false"
"11086347","English National League","false"
"12703238","English National League Cup","false"
"41","English National League North","false"
"43","English National League South","false"
"12041358","English Northern Division 1","false"
"12200889","English Northern Premier League","false"
"12199685","English Premier League 2 - Div 1","false"
"12036162","English Southern Division 1","false"
"12199351","English Southern Premier League","false"
"12722076","English U21 Premier League Cup","false"
"12511339","English U21 Pro Development League","false"
"7996831","English Women's FA Cup","false"
"12204606","English Women's Matches","false"
"22614","Esoccer Battle - 8 mins play","false"
"6742","Estonia II Liiga","false"
"566","Estonia Meistriliiga Women","false"
"6712","Estonia Small Cup","false"
"12287962","Estonia Super Cup","false"
"16263","Estonia U19 League","false"
"12228076","Estonian Cup","false"
"873203","Estonian Esiliiga","false"
"2901699","Estonian Esiliiga B","false"
"12216175","Estonian Premier League","false"
"12238328","Estonian Women's Matches","false"
"32111","Ethiopia Premier League Women","false"
"12718311","Ethiopian Higher League","false"
"11869656","Ethiopian Premier League","false"
"2005","Europa League","false"
"12232258","Faroe 1 Deild","false"
"11883317","Faroe Cup","false"
"12290699","Faroe Ladies","false"
"11804597","Faroe Premier League","false"
"12426395","FIFA Arab Cup","false"
"12507623","FIFA Ladies U20 World Cup","false"
"12386458","FIFA Ladies World Cup Qualifiers","false"
"12233576","FIFA U20 World Cup","false"
"12220485","FIFA Women's World Cup","false"
"12469077","FIFA World Cup","false"
"12377703","FIFA World Cup Qualifiers - Africa","false"
"12374160","FIFA World Cup Qualifiers - Europe","false"
"12464225","FIFA World Cup Qualifiers - Oceania","false"
"12010162","Fiji Matches","false"
"5818","Finland Cup Women","false"
"23433","Finland Kakkonen Women","false"
"23418","Finland Kolmonen Women","false"
"28746","Finland Liigacup","false"
"586","Finland Ykkonen Women","false"
"20601","Finnish Cup","false"
"11887991","Finnish Kakkonen","false"
"5281887","Finnish Kolmonen","false"
"12198720","Finnish Matches","false"
"12009367","Finnish U20","false"
"45","Finnish Veikkausliiga","false"
"12012945","Finnish Women's Matches","false"
"47","Finnish Ykkonen","false"
"12662940","Finnish Ykkosliiga","false"
"21784","France Regional League","false"
"5108","France U19 League Women","false"
"12209560","French Cup","false"
"12235849","French Ligue 1 Playoffs","false"
"57","French Ligue 2","false"
"12234017","French Ligue 2 Playoffs","false"
"1081960","French National","false"
"12206060","French National 2","false"
"12206543","French National 3","false"
"12702178","French Premiere Ligue","false"
"544448","French Super Cup","false"
"12203305","French U19","false"
"6023868","French Women's Matches","false"
"12205166","Friendlies International","false"
"12200817","Friendlies International U19","false"
"12220428","Friendlies International U20","false"
"12220065","Friendlies International U21","false"
"12206577","Friendlies International U23","false"
"12200369","Friendlies Women's International","false"
"12236883","Friendlies Women's U23 Internationals","false"
"3756","Friendly Match - 80 mins play","false"
"12005859","Friendly Matches","false"
"15214","Gambia Division 2","false"
"15413","Gambia FF Cup","false"
"12306595","Gambian GFA League 1st Division","false"
"11246","Georgia League Women","false"
"12226205","Georgian Cup","false"
"11780281","Georgian Erovnuli Liga 2","false"
"12007015","Georgian Matches","false"
"6533650","Georgian Super Cup","false"
"2273834","Georgian Umaglesi Liga","false"
"11591693","German 3 Liga","false"
"61","German Bundesliga 2","false"
"11458113","German Cup","false"
"12721037","German Frauen-Bundesliga","false"
"11620783","German Junioren Bundesliga","false"
"12133123","German Landesliga","false"
"12005969","German Matches","false"
"7344968","German Oberliga","false"
"12234469","German Playoff","false"
"12203299","German Regional Cup","false"
"853948","German Regionalliga Bavaria","false"
"63","German Regionalliga North","false"
"318343","German Regionalliga Northeast","false"
"12342021","German Regionalliga Playoffs","false"
"65","German Regionalliga Southwest","false"
"840808","German Regionalliga West","false"
"12209518","German Super Cup","false"
"12213964","German U19","false"
"12459209","German Verbandsliga","false"
"12040514","German Women's Matches","false"
"8191","Germany Regionalliga U19","false"
"4028","Ghana Division 1","false"
"684","Ghana FA Cup","false"
"12277884","Ghanain Premier League","false"
"12017923","Gibraltar Cup Matches","false"
"12206120","Gibraltar Premier League","false"
"6746","Greece Amateur Cup","false"
"18748","Greece Gamma Ethniki","false"
"29696","Greece Matches","false"
"33014","Greece Super League 1 2 U19","false"
"21332","Greece Super League 2 U19","false"
"2336","Greece Super League Women","false"
"12211021","Greek Cup","false"
"8426338","Greek Football League U19","false"
"67","Greek Super League","false"
"12267123","Greek Super League 2","false"
"12226380","Grenada Premier Division","false"
"10584","Guatemala Liga Nacional Women","false"
"25002","Guatemala Segunda Division","false"
"6566654","Guatemalan Liga Nacional","false"
"12217260","Guatemalan Matches","false"
"6812603","Guatemalan Primera Division de Ascenso","false"
"12276557","Gulf Cup Matches","false"
"9404054","Holanda - Eredivisie","false"
"12202271","Honduras Liga Nacional","false"
"12036053","Honduras Matches","false"
"12706696","Honduras Reserve League","false"
"12202087","Hong Kong 1st Division League","false"
"12202708","Hong Kong 2nd Division League","false"
"12277178","Hong Kong 3rd Division League","false"
"823306","Hong Kong Cup","false"
"11724827","Hong Kong FA Cup Junior Division","false"
"833990","Hong Kong Premier League","false"
"8404098","Hong Kong Sapling Cup","false"
"819180","Hong Kong Senior Shield","false"
"12708074","Hong Kong U22","false"
"12168135","Hong Kong Women's Matches","false"
"11503700","Hungarian Cup","false"
"1842928","Hungarian NB I","false"
"4556576","Hungarian NB II","false"
"10885117","Hungarian NB III","false"
"12206415","Hungarian U19","false"
"12221992","Hungarian Women's Matches","false"
"569","Hungary U19 2nd Division","false"
"3472","Iceland U19 Cup","false"
"12010570","Icelandic 1 Deild","false"
"12005105","Icelandic 2 Deild","false"
"12014502","Icelandic 3 Deild","false"
"12006352","Icelandic 4 Deild","false"
"12736144","Icelandic 5. Deild","false"
"154811","Icelandic Cup","false"
"849220","Icelandic League Cup","false"
"12213874","Icelandic League Cup B","false"
"12216491","Icelandic League Cup C","false"
"12134265","Icelandic Matches","false"
"12278058","Icelandic Reykjavik Cup","false"
"11218258","Icelandic Super Cup","false"
"12013112","Icelandic U19","false"
"12209556","Icelandic Urvalsdeild","false"
"12005119","Icelandic Women's Matches","false"
"25346","India Delhi League Women","false"
"30397","India Delhi Premier League","false"
"14959","India Delhi Senior Division","false"
"3726","India League Women","false"
"28626","India Manipur League Women","false"
"11576","India Regional Cup","false"
"28647","India Shillong Second League","false"
"12777615","Indian Bengal Super League","false"
"12008241","Indian Calcutta Matches","false"
"12044672","Indian Durand Cup","false"
"12305385","Indian FA Shield","false"
"12199393","Indian I-League","false"
"12208703","Indian I-League 2nd Division","false"
"12281822","Indian Ladies","false"
"12006121","Indian Matches","false"
"12763855","Indian Mizoram Premier League","false"
"12199652","Indian Mumbai Elite League","false"
"12712673","Indian Mumbai Super Division","false"
"12199658","Indian Santosh Trophy","false"
"12018451","Indian Shillong Premier League","false"
"11812477","Indian Super Cup","false"
"6251219","Indian Super League","false"
"8085064","Indonesian Cup","false"
"11997927","Indonesian Liga 2","false"
"12774174","Indonesian Liga 4","false"
"12006979","Indonesian Matches","false"
"822951","Indonesian Super League","false"
"2364","Iran Cup","false"
"6655","Iran Div 2","false"
"11624804","Iranian Azadegan League","false"
"16766","Iraq Cup","false"
"32060","Iraq First Division","false"
"16820","Iraq League","false"
"12716865","Iraqi Premier Division","false"
"12005855","Irish Division 1","false"
"12226356","Irish FAI Cup","false"
"12116629","Irish FAI Women's Cup","false"
"12018616","Irish Leinster Senior Cup","false"
"7348566","Irish Leinster Senior League","false"
"11664665","Irish Munster Senior League","false"
"12669797","Irish National League U20","false"
"12267544","Irish Play-Offs","false"
"12203971","Irish Premier Division","false"
"12200871","Irish Presidents Cup","false"
"11862194","Irish U19 National League","false"
"11799196","Irish Women's Matches","false"
"12232624","Israeli Cup","false"
"5618479","Israeli Liga Alef","false"
"12201049","Israeli Liga Bet","false"
"12073317","Israeli Matches","false"
"12205806","Israeli National League","false"
"12236110","Israeli Playoffs","false"
"822165","Israeli Premier League","false"
"12007809","Israeli Toto Cup Leumit","false"
"11709225","Israeli U19","false"
"12119414","Israeli Women's Matches","false"
"12200460","Italia Campionato Primavera","false"
"12201574","Italian Campionato Primavera","false"
"11711082","Italian Campionato Primavera 2","false"
"12214429","Italian Coppa Italia","false"
"12721947","Italian Ladies Serie A","false"
"12069023","Italian Serie A (W)","false"
"12199689","Italian Serie B","false"
"12199513","Italian Serie C","false"
"12199507","Italian Serie C Cup","false"
"7210007","Italian Serie D","false"
"12212740","Italian Serie D Cup","false"
"12276464","Italian Super Cup","false"
"24379","Italy Campionato Primavera 3","false"
"27436","Italy Campionato Primavera 4","false"
"33597","Italy Serie A/B Play-Offs","false"
"4983","Italy Serie C Super Cup","false"
"12594","Italy Super Cup Women","false"
"12062795","Ivorian Ligue 1","false"
"29061","Ivory Coast Ligue 2","false"
"3796898","Jamaican Premier League","false"
"12957","Japan Regional Cup","false"
"12024755","Japanese Emperor Cup","false"
"3785366","Japanese Football League","false"
"89","Japanese J League","false"
"1062024","Japanese J League 2","false"
"4802285","Japanese J League 3","false"
"10020873","Japanese J League Cup","false"
"12767248","Japanese Ladies Nadeshiko League","false"
"12767284","Japanese Ladies WE League","false"
"12128441","Japanese Matches","false"
"12204514","Japanese Super Cup","false"
"12010356","Japanese Women's Matches","false"
"2371216","Jordan 1st Division","false"
"31922","Jordan Cup Women","false"
"27894","Jordan First Division Women","false"
"12209362","Jordanian Cup","false"
"12200652","Jordanian Premier League","false"
"12287940","Jordanian Super Cup","false"
"12249612","Jordanian Women's Matches","false"
"12223733","Kazakhstan 1st Division","false"
"12220074","Kazakhstan Cup","false"
"12136008","Kazakhstan Matches","false"
"12216489","Kazakhstan Premier League","false"
"12214087","Kazakhstan Super Cup","false"
"12251528","Kazakhstan Women's Matches","false"
"12771872","Kenyan Ladies Championship","false"
"12006131","Kenyan Matches","false"
"12765680","Kenyan National Super League","false"
"7616742","Kenyan Premier League","false"
"12111762","Kosovan Superliga","false"
"8746","Kosovo Cup","false"
"7702","Kosovo Division 1","false"
"1322","Kuwait Super Cup","false"
"4203186","Kuwaiti Crown Prince Cup","false"
"12202208","Kuwaiti Division 1","false"
"3039423","Kuwaiti Emir Cup","false"
"6908995","Kuwaiti Premier League","false"
"12535446","Kuwaiti U21","false"
"6929","Kyrgyzstan Cup","false"
"6727","Kyrgyzstan Top Liga","false"
"62","Latvia 2 Liga","false"
"23725","Latvia 3. Liga","false"
"1661891","Latvian 1 Liga","false"
"1551721","Latvian Cup","false"
"12275693","Latvian Playoffs","false"
"12216976","Latvian Virsliga","false"
"11644020","Lebanese Premier League","false"
"12025059","Lebanese Super Cup","false"
"3128","Lebanon Cup","false"
"2787","Lebanon Division 2","false"
"13541","Lebanon League Women","false"
"25914","Liberia FA Cup","false"
"15645","Liberia First Division","false"
"21641","Liberia National League Women","false"
"27725","Liberia Super Cup","false"
"7422406","Liechtenstein Cup","false"
"11984200","Liga das Nações da UEFA","false"
"55","Ligue 1","false"
"18780","Lithuania U19 League","false"
"1587980","Lithuanian 1 Lyga","false"
"879221","Lithuanian A Lyga","false"
"12267015","Lithuanian Cup","false"
"12291295","Lithuanian II Liga","false"
"12210379","Lithuanian Super Cup","false"
"12237985","Lithuanian Women's Matches","false"
"7552788","Luxembourg Cup","false"
"4515700","Luxembourg Division Nationale","false"
"12261981","Luxembourg Promotion d'Honneur","false"
"12189326","Macau 1st Division","false"
"12351819","Macau Matches","false"
"1517121","Macedonian 1st League","false"
"6506496","Macedonian Cup","false"
"12875","Malawi Challenge Cup","false"
"12238326","Malawi Super League","true"
"31965","Malawi Top 8 Cup","false"
"13109","Malaysia University League","false"
"12215627","Malaysian Cup","true"
"11794060","Malaysian FAM League","false"
"12011775","Malaysian Matches","false"
"12011198","Malaysian President Cup","false"
"840886","Malaysian Super League","false"
"12255380","Maldives Dhivehi League","false"
"6424","Mali Cup","false"
"29520","Mali League Women","false"
"12258789","Malian Premiere Division","false"
"2107","Malta League Women","false"
"3172","Malta Super Cup","false"
"12456469","Maltese 2nd Division","false"
"2539145","Maltese FA Trophy","false"
"1327393","Maltese Premier League","false"
"22248","Mauritania Cup","false"
"15414","Mauritania Division 2","false"
"12299665","Mauritanian Ligue 1","false"
"12664154","Men's Olympics","false"
"12715544","Mexican Copa Conecta","false"
"12760886","Mexican Liga de Ascenso","false"
"5627174","Mexican Liga MX","false"
"11687921","Mexican Liga MX Femenil","false"
"8770515","Mexican Liga Premier","false"
"12038731","Mexican Matches","false"
"12245225","Mexican Supercopa MX","false"
"12247367","Mexican Trofeo de Campeon de Campeones","false"
"827078","Mexican U20","false"
"12712683","Mexican U23","false"
"141","MLS","false"
"3041","Moldova Championship Women","false"
"4628","Moldova Cup Women","false"
"159","Moldova Divizia A","false"
"12074058","Moldovan Cup","false"
"12009467","Moldovan Divizia Nationala","false"
"23602","Mongolia First League","false"
"12224337","Mongolian Matches","false"
"11506084","Mongolian Premier League","false"
"12208242","Montenegrin 1st League","false"
"12214445","Montenegrin 2nd League","false"
"11627195","Montenegrin Cup","false"
"6569630","Moroccan Botola 2","false"
"2609677","Moroccan Botola Pro 1","false"
"12723662","Moroccan Coupe d'Excellence","false"
"4095837","Moroccan Cup","false"
"24224","Morocco League Women","false"
"31932","Mozambique Cup","false"
"17471","Mozambique Mocambola","false"
"12730226","Myanmar Ladies League","false"
"12059760","Myanmar Matches","false"
"7836682","Myanmar National League","false"
"12511849","Myanmar National League 2","false"
"14044","Myanmar U19 League","false"
"12242987","Myanmar U20","false"
"12243514","Myanmar U21","false"
"12213681","N Irish Cup Matches","false"
"30903","NCAA","false"
"24957","Nepal National League Women","false"
"12277166","Nepalese Matches","false"
"30226","New Zealand Central League","false"
"932","New Zealand Cup","false"
"5271","New Zealand Cup Women","false"
"12775911","New Zealand National League Championship","false"
"30228","New Zealand Northern League","false"
"2133","New Zealand Premier League Women","false"
"30225","New Zealand Southern League","false"
"27268","Nicaragua Liga de Ascenso","false"
"26159","Nicaragua Primera Division Women","false"
"8765","Nicaragua Youth League","false"
"12213239","Nicaraguan Matches","false"
"12200621","Nicaraguan Primera Division","false"
"25042","Niger Super League","false"
"12348","Nigeria Cup","false"
"18581","Nigeria League Women","false"
"25236","Nigeria National League","false"
"11730241","Nigerian Premier League","false"
"12250737","North American Leagues Cup","false"
"25233","North Macedonia Cup Women","false"
"16320","North Macedonia League Women","false"
"4630","North Macedonia Second League","false"
"4971","Northern Ireland Championship Women","false"
"26132","Northern Ireland County Antrim Shield Women","false"
"4438","Northern Ireland Intermediate Cup","false"
"1429","Northern Ireland League Cup Women","false"
"12201605","Northern Irish Championship","false"
"12064989","Northern Irish Matches","false"
"12199359","Northern Irish Premiership","false"
"12013279","Northern Irish U20","false"
"12013506","Northern Irish Women's Matches","false"
"12209546","Norwegian 1st Division","false"
"12224917","Norwegian 2nd Division","false"
"12224979","Norwegian 3rd Division","false"
"4051","Norwegian Cup","false"
"11068551","Norwegian Eliteserien","false"
"12730294","Norwegian Interkretsserie U19","false"
"12276354","Norwegian Playoffs","false"
"12730438","Norwegian Toppserien Ladies","false"
"872276","Norwegian U19","false"
"12007716","Norwegian Women's Matches","false"
"7214585","OFC Champions League","false"
"12747559","OFC Women's Nations Cup","false"
"17573","Olympic Qualification","false"
"12260547","Olympic Women's Qualifiers","false"
"828","Oman Super Cup","false"
"12082316","Omani Matches","false"
"11635923","Omani Professional League","false"
"11675182","Omani Professional League Cup","false"
"11618934","Omani Sultan Cup","false"
"12251791","Other Competitions Soccer","false"
"351","Other Match","false"
"24057","Others","false"
"12125428","Palestinian Matches","false"
"12201488","Palestinian West Bank League","false"
"12276589","Panamanian Ladies","false"
"12716005","Panamanian Liga Prom","false"
"3972877","Panamanian Premier League","false"
"6060","Paraguay U19 League","false"
"12238093","Paraguayan Cup","false"
"9500010","Paraguayan Division Intermedia","false"
"839575","Paraguayan Primera Division","false"
"12686463","Paraguayan Primera Division B","false"
"11993322","Paraguayan Reserves","false"
"3737","Peru Reserve League","false"
"1197683","Peruvian Cup","false"
"8594603","Peruvian Primera Division","false"
"9356766","Peruvian Segunda Division","false"
"12735378","Peruvian Tercera Division","false"
"887","Philippines PFL","true"
"20803","Philippines PFL Cup","false"
"5394","Poland Play-Offs","false"
"21025","Poland Regional League","false"
"11838780","Polish 2 Liga","false"
"10854877","Polish Cup","false"
"97","Polish Ekstraklasa","false"
"403085","Polish I Liga","false"
"7710075","Polish III Liga","false"
"11936455","Polish IV Liga","false"
"12082340","Polish Regional Cup","false"
"12292477","Polish Super Cup","false"
"11964068","Polish U19 Championship","false"
"12008730","Polish Women's Matches","false"
"28272","Portugal Campeonato Nacional II Women","false"
"8423138","Portuguese Campeonato Nacional","false"
"12218844","Portuguese Cup","false"
"19640","Portuguese League Cup","false"
"12266107","Portuguese League Cup","false"
"12451652","Portuguese Liga 3","false"
"5165857","Portuguese Playoffs","false"
"99","Portuguese Primeira Liga","false"
"9513","Portuguese Segunda Liga","false"
"818","Portuguese Super Cup","false"
"11802732","Portuguese U19 Championship","false"
"12209621","Portuguese U23","false"
"12172888","Portuguese Women's Matches","false"
"10932509","Premier League","false"
"1258941","Pro League","false"
"12421292","Puerto Rican Liga Nacional de Futbol","false"
"11881199","Qatari Emir Cup","false"
"12041129","Qatari Matches","false"
"4488516","Qatari Q League","false"
"801998","Qatari Stars Cup","false"
"842258","Qatari Stars League","false"
"11553690","Qatari U23 League","false"
"12374182","Qualificatórias da Copa do Mundo - América do Sul","false"
"12374618","Qualificatórias da Copa do Mundo - Ásia","false"
"1127","Republic of Ireland League Cup","false"
"3548","Republic of Ireland Munster Senior Cup","false"
"6173","Republic of Ireland U19 Cup","false"
"12698195","Republic of North Macedonian Soccer","false"
"4384","Romania Cup Women","false"
"2872","Romania Liga 1 Women","false"
"9453","Romania Liga 2 Women","false"
"7492","Romania Liga 4","false"
"28065","Romania U19 Cup","false"
"29445","Romania U19 League Division 2","false"
"12221864","Romanian Cup","false"
"4905","Romanian Liga I","false"
"862579","Romanian Liga II","false"
"3006957","Romanian Liga III","false"
"12237567","Romanian Matches","false"
"12323165","Romanian Super Cup","false"
"7237","Russia 1st Division Women","false"
"1896032","Russia Cup","false"
"58","Russia Division 1","false"
"794","Russia Division 3","false"
"5464","Russia Division 4","false"
"153","Russia Premier League","false"
"16301","Russia Premier League Play-Offs","false"
"616","Russia Premier Women","false"
"16709","Russia Regional Cup","false"
"12054","Russia Regional League","false"
"5929","Russia Super Cup","false"
"24150","Russia Youth Championship","false"
"12006296","Russian Matches","false"
"4097","Rwanda Cup","false"
"18926","Rwanda Super Cup","false"
"14428","Rwanda Womens League","false"
"13583","Rwandan Division 2","false"
"12209355","Rwandan National Football League","false"
"12133217","Salvadoran Matches","false"
"12009363","Salvadoran Primera Division","false"
"7371016","San Marino Campionato","false"
"11822824","San Marino Cup","false"
"12517080","San Marino Super Cup","false"
"2315454","Saudi 1st Division","false"
"12103207","Saudi 2nd Division","false"
"32092","Saudi Arabia Premier League Women","false"
"32114","Saudi Arabia Reserve League","false"
"11683636","Saudi Kings Cup","false"
"12209405","Saudi Professional League","false"
"12023202","Saudi Super Cup","false"
"12211029","Saudi U19","false"
"28997","Scotland Lowland League Cup","false"
"26206","Scotland Women Premier League 2","false"
"12203351","Scottish Challenge Cup","false"
"107","Scottish Championship","false"
"12206708","Scottish FA Cup","false"
"12013197","Scottish Highland League","false"
"5298","Scottish Junior Cup","false"
"12246418","Scottish League Cup","false"
"109","Scottish League One","false"
"111","Scottish League Two","false"
"6603449","Scottish Lowland League","false"
"12681744","Scottish Matches","false"
"12230985","Scottish Playoffs","false"
"105","Scottish Premiership","false"
"12199505","Scottish Reserve Matches","false"
"12010394","Scottish Women's Matches","false"
"5465","Senegal FA Cup","false"
"3758","Senegal League Cup","false"
"4333","Senegal Ligue 2","false"
"12719915","Senegalese Premier League","false"
"14842","Serbia Cup Women","false"
"1606","Serbia League Women","false"
"1123","Serbia Srpska Liga","false"
"12218107","Serbian Cup","false"
"12212459","Serbian First League","false"
"103","Serbian Super League","false"
"81","Serie A","false"
"28315","Seychelles Premier League","false"
"32086","Sierra Leone Premier League","false"
"14318","Singapore Charity Shield","false"
"944127","Singapore Cup","false"
"12210101","Singapore Matches","false"
"907","Singapore Premier League","false"
"26104","Slovakia 4. Liga","false"
"24042","Slovakia Youth 2.Liga","false"
"24002","Slovakia Youth Regional League","false"
"12215677","Slovakian 2 Liga","false"
"12221395","Slovakian 3 Liga","false"
"97855","Slovakian Cup","false"
"12013300","Slovakian Super League","false"
"12022376","Slovakian U19","false"
"12043521","Slovakian Women's Matches","false"
"1486","Slovenia Cup Women","false"
"1375","Slovenia League Women","false"
"8995647","Slovenian 2 SNL","false"
"12221009","Slovenian 3 SNL","false"
"12228139","Slovenian Cup","false"
"12236312","Slovenian Playoffs","false"
"115","Slovenian Premier League","false"
"12280706","Slovenian U19","false"
"23857","Solomon Islands S League","false"
"15574","South Africa League Women","false"
"22531","South Africa National Div 2","false"
"4212370","South African Cup","false"
"12071239","South African Matches","false"
"12023032","South African National First Divsion","false"
"3271074","South African Playoff","false"
"10699940","South African Premier Division","false"
"5790028","South African Top 8 Cup","false"
"12221822","South Korean Cup","false"
"12395639","South Korean K League 1","true"
"12395641","South Korean K League 2","true"
"12290625","South Korean K3 League","false"
"12006127","South Korean Matches","false"
"12276969","South Korean Playoffs","false"
"12733000","South Korean WK League","false"
"7362","Spain Regional Cup","false"
"1783","Spain Regional League","false"
"10196","Spain U19 Cup","false"
"20690","Spain University League","false"
"7487","Spain Youth League","false"
"12229960","Spanish Copa de Catalunya","false"
"12801","Spanish Copa del Rey","false"
"834025","Spanish Copa Federacion","false"
"12325433","Spanish Cup Ladies","false"
"117","Spanish La Liga","false"
"12383127","Spanish Primera Division RFEF Group 1","false"
"12383129","Spanish Primera Division RFEF Group 2","false"
"12464123","Spanish Primera Nacional Ladies","false"
"12235641","Spanish Segunda B Playoffs","false"
"12204313","Spanish Segunda Division","false"
"12312680","Spanish Segunda Ladies","false"
"121","Spanish Segunda RFEF - Group 1","false"
"123","Spanish Segunda RFEF - Group 2","false"
"125","Spanish Segunda RFEF - Group 3","false"
"127","Spanish Segunda RFEF - Group 4","false"
"12300963","Spanish Segunda RFEF - Group 5","false"
"12209520","Spanish Super Cup","false"
"821269","Spanish Tercera Division RFEF","false"
"12655224","Spanish Tercera Ladies","false"
"12201576","Spanish Women's Matches","false"
"118","Sweden Cup Women","false"
"393","Sweden Juniorallsvenskan","false"
"18099","Swedish Cup","false"
"11853536","Swedish Division 1","false"
"920223","Swedish Division 2","false"
"12274242","Swedish Playoffs","false"
"12202373","Swedish Superettan","false"
"10156853","Swedish U21","false"
"12005243","Swedish Women's Matches","false"
"10947844","Swiss 1 Liga Classic","false"
"8964557","Swiss 1 Liga Promotion","false"
"12614388","Swiss 2 Liga Interregional","false"
"135","Swiss Challenge League","false"
"29051","Swiss Cup","false"
"12274669","Swiss Matches","false"
"133","Swiss Super League","false"
"12264428","Swiss Women's Matches","false"
"7284","Syria Cup","false"
"23973","Syria Division 2","false"
"24702","Syria Youth League","false"
"839500","Syrian Premier League","false"
"24654","Taiwan Play Offs","false"
"12290206","Taiwanese Football Premier League","false"
"12290224","Taiwanese Ladies","false"
"6776","Tajikistan Cup","false"
"14896","Tajikistan Super Cup","false"
"12290125","Tajikistani Premier League","false"
"30720","Tanzania Community Shield","false"
"24706","Tanzania Cup","false"
"25520","Tanzania First Division","false"
"11891653","Tanzanian Premier League","false"
"3297875","Thai Cup","false"
"12781928","Thai Division 3 Cup","false"
"12209388","Thai League 1","false"
"4608858","Thai League 2","false"
"12065422","Thai League Cup","false"
"12707550","Thai U23 League","false"
"10151","Togo Cup","false"
"26930","Togo League Women","false"
"8130","Togo Premier Division","false"
"91729","Toulon Tournament","false"
"12016006","Trinidad and Tobago Matches","false"
"6390405","Tunisian Cup","false"
"6694981","Tunisian Ligue 2","false"
"12210525","Tunisian Ligue Professionelle 1","false"
"26103","Turkey Amateur League","false"
"175680","Turkish 1 Lig","false"
"833222","Turkish 2 Lig","false"
"818765","Turkish 3 Lig","false"
"10533800","Turkish Cup","false"
"12271450","Turkish Ladies","false"
"11428175","Turkish Super Cup","false"
"194215","Turkish Super League","false"
"12016770","Turkish U19","false"
"9631","U17 CONCACAF Women Championship","false"
"2464","U17 Euro W Ch.ship, QF","false"
"2459","U17 European Ch.ship QF","false"
"9999","U17 European Championship","false"
"10146","U17 European Womens Championship","false"
"2462","U17 Womens World Cup","false"
"13051","U19 Internationals","false"
"312","U19 Tournament","false"
"946085","U20 Copa Libertadores","false"
"176531","U20 Internationals","false"
"12253539","U20 Internationals","false"
"2662","U20 World Championship Women","false"
"845654","U23 Internationals","false"
"11641480","UAE Arabian Gulf League","false"
"6573805","UAE Division 1","false"
"855972","UAE Presidents Cup","false"
"21839","UAE Second Division","false"
"3732159","UAE Super Cup","false"
"4105812","UAE U19","false"
"6193239","UAE U21","false"
"12710780","UAE U23","false"
"12688921","UEFA (W) Champions League Qualifiers","false"
"228","UEFA Champions League","false"
"12242357","UEFA Champions League Qualifiers","false"
"12531088","UEFA Euro 2024","false"
"12552926","UEFA Euro Qualifiers","false"
"12375833","UEFA Europa Conference League","false"
"12351533","UEFA Europa Conference Qualifiers","false"
"12243231","UEFA Europa League Qualifiers","false"
"12759291","UEFA Ladies Europa Cup","false"
"12718323","UEFA Ladies U19 Euro Qualifiers","false"
"12620359","UEFA Nations League A Women","false"
"5724","UEFA Regions Cup","false"
"11201","UEFA Super Cup","false"
"12209548","UEFA U19 Euro Championship","false"
"12219947","UEFA U19 Euro Qualifiers","false"
"12220487","UEFA U21 Euro Championship","false"
"12237685","UEFA U21 Euro Qualifiers","false"
"12220206","UEFA Women's Champions League","false"
"12718540","UEFA Women's Euro 2025","false"
"12259959","UEFA Women's Euro Champ'ship Qualifiers","false"
"12223307","UEFA Women's U19 Euro Championship","false"
"3784863","UEFA Youth League","false"
"1501","Uganda Division 2","false"
"21430","Uganda Super League Women","false"
"12019343","Ugandan Matches","false"
"7247362","Ugandan Premier League","false"
"6400","Ukraine Druha Liga","false"
"106","Ukraine Youth League","false"
"300965","Ukrainian Cup","false"
"872215","Ukrainian Persha Liga","false"
"139","Ukrainian Premier League","false"
"16730","Uruguay League Women","false"
"1488","Uruguay U19 League","false"
"12751723","Uruguayan Cup","false"
"12015496","Uruguayan Matches","false"
"843454","Uruguayan Primera Division","false"
"7480739","Uruguayan Reserves","false"
"6104087","Uruguayan Segunda Division","true"
"12232895","US Lamar Hunt U.S Open Cup","false"
"12047249","US Matches","false"
"12734090","US MLS Next Pro League","false"
"12214072","US National Premier Soccer League","false"
"12331715","US National Women Soccer League","false"
"12231975","US Premier Development League","false"
"12216637","US United Soccer League","false"
"12743814","US USL Cup","false"
"12324198","US USL League One","false"
"12734088","US USL Super League Ladies","false"
"12010352","US Women's Matches","false"
"536","USA College Championship","false"
"838","USA College Championship Women","false"
"23678","USA NISA Independent Cup","false"
"10186","USA UPSL","false"
"33444","USA USL W-League Women","false"
"7197874","Uzbekistan 1st Division","false"
"11359","Uzbekistan 2nd Division","false"
"4851739","Uzbekistan Cup","true"
"10559","Uzbekistan League Women","false"
"13346","Uzbekistan Play-Offs","false"
"14329","Uzbekistan Super Cup","false"
"12704680","Uzbekistan Super League","false"
"12252239","Venezuelan Cup","false"
"1065530","Venezuelan Primera Division","false"
"12206102","Venezuelan Segunda Division","false"
"4148","Viareggio Cup","false"
"12707552","Vietnamese Ladies Cup","false"
"4608119","Vietnamese National Cup","false"
"12273158","Vietnamese Playoffs","false"
"12233279","Vietnamese Second Division","false"
"11772783","Vietnamese Super Cup","false"
"10992446","Vietnamese U19","false"
"12241182","Vietnamese U21","false"
"12209059","Vietnamese V-League","true"
"12223731","Vietnamese V-League 2","false"
"12058392","Vietnamese Women's Matches","false"
"12713436","Welsh Championship North","false"
"12713434","Welsh Championship South","false"
"299924","Welsh Cup","false"
"695030","Welsh League Cup","false"
"252549","Welsh Premiership","false"
"12207116","Welsh Women's Matches","false"
"12200650","Women's Friendlies","false"
"12223451","Women's International Matches","false"
"12224708","Women's Matches","false"
"12662758","Women's Olympics","false"
"14588","Womens South Asian Championship","false"
"18987","Womens U20 International","false"
"12384","Zambia Cup","false"
"12016856","Zambian Super Division","false"
"25121","Zanzibar Premier League","false"
"7208","Zimbabwe Cup","false"
"11912577","Zimbabwe Premier League","false"
"31059","Zimbabwe Super Cup","false"